ID,TargetF1,TargetRAUC
ID_TS_NEW_SBZAYD5I,0,0
ID_TS_NEW_7SPRN3PB,0,0
ID_TS_NEW_LZOWPHLC,0,0
ID_TS_NEW_DN6TUF64,0,0
ID_TS_NEW_95N82M49,0,0
ID_TS_NEW_BFEAVD50,0,0
ID_TS_NEW_D1E33N0Z,0,0
ID_TS_NEW_C85XZKDC,0,0
ID_TS_NEW_1Y90ZQUH,0,0
ID_TS_NEW_MZJ5GJYB,0,0
ID_TS_NEW_IUD9BRKX,0,0
ID_TS_NEW_72QFA5EU,0,0
ID_TS_NEW_47DGP36L,0,0
ID_TS_NEW_HXTFGEV3,0,0
ID_TS_NEW_VMPCF9WN,0,0
ID_TS_NEW_NVPXE0VA,0,0
ID_TS_NEW_8LL4PIL8,0,0
ID_TS_NEW_HMDZLJIE,0,0
ID_TS_NEW_PMX7SKJQ,0,0
ID_TS_NEW_MO6E00DO,0,0
ID_TS_NEW_2VZE6WN7,0,0
ID_TS_NEW_SRGNZQZD,0,0
ID_TS_NEW_1G52IQA5,0,0
ID_TS_NEW_UGOK73FG,0,0
ID_TS_NEW_T2466L38,0,0
ID_TS_NEW_R0Q38OA8,0,0
ID_TS_NEW_DDBN6OEU,0,0
ID_TS_NEW_O0U4YHI1,0,0
ID_TS_NEW_I3F4EPVP,0,0
ID_TS_NEW_31NYZBQP,0,0
ID_TS_NEW_MFEBBK67,0,0
ID_TS_NEW_UX1S7FH5,0,0
ID_TS_NEW_1Q223ITD,0,0
ID_TS_NEW_49RPQPQX,0,0
ID_TS_NEW_5CI9XZZC,0,0
ID_TS_NEW_KW7F7YT4,0,0
ID_TS_NEW_JRDA0BSJ,0,0
ID_TS_NEW_1GH47ZMP,0,0
ID_TS_NEW_SIR5I0GB,0,0
ID_TS_NEW_LF40N8CH,0,0
ID_TS_NEW_BRIJYAHA,0,0
ID_TS_NEW_LP0Z54YQ,0,0
ID_TS_NEW_41FI7XCM,0,0
ID_TS_NEW_APBNYDXR,0,0
ID_TS_NEW_WZG3T1DJ,0,0
ID_TS_NEW_YJ8V1JMK,0,0
ID_TS_NEW_V0T94C5D,0,0
ID_TS_NEW_0G2STM32,0,0
ID_TS_NEW_1MX99FFB,0,0
ID_TS_NEW_FQGEDJEM,0,0
ID_TS_NEW_VS67WH7B,0,0
ID_TS_NEW_833N4NO5,0,0
ID_TS_NEW_5554YU3O,0,0
ID_TS_NEW_25CF5N3E,0,0
ID_TS_NEW_WPDJSTG0,0,0
ID_TS_NEW_DGHY5358,0,0
ID_TS_NEW_HKVL4CSD,0,0
ID_TS_NEW_E8HFUOKY,0,0
ID_TS_NEW_7EP92VXI,0,0
ID_TS_NEW_KK65JUGM,0,0
ID_TS_NEW_BVIUX9FH,0,0
ID_TS_NEW_3E95I4NZ,0,0
ID_TS_NEW_G76POS4W,0,0
ID_TS_NEW_EVGCEMI6,0,0
ID_TS_NEW_02SGGVQX,0,0
ID_TS_NEW_ANRFV6OD,0,0
ID_TS_NEW_USFCKEAD,0,0
ID_TS_NEW_VM7G3X94,0,0
ID_TS_NEW_J9NW1M6J,0,0
ID_TS_NEW_FDXMYNN9,0,0
ID_TS_NEW_HUI71UZW,0,0
ID_TS_NEW_1E1L3F3M,0,0
ID_TS_NEW_657RGOA6,0,0
ID_TS_NEW_MCIWQNMI,0,0
ID_TS_NEW_91WVZG2W,0,0
ID_TS_NEW_BJ7S4I1C,0,0
ID_TS_NEW_PN1MGEY3,0,0
ID_TS_NEW_NSBFB3EX,0,0
ID_TS_NEW_4EMFUS6S,0,0
ID_TS_NEW_365NWLEN,0,0
ID_TS_NEW_S31BFP0C,0,0
ID_TS_NEW_TXQLECUZ,0,0
ID_TS_NEW_EGUYSWOR,0,0
ID_TS_NEW_NY46P5AJ,0,0
ID_TS_NEW_5NQZ6IM6,0,0
ID_TS_NEW_0Y4B5NVC,0,0
ID_TS_NEW_KFYH9796,0,0
ID_TS_NEW_XWNMFK80,0,0
ID_TS_NEW_YH3UPMDC,0,0
ID_TS_NEW_RW3MXYQH,0,0
ID_TS_NEW_91R6IB7E,0,0
ID_TS_NEW_XGRBPFZK,0,0
ID_TS_NEW_O5PQ5IUU,0,0
ID_TS_NEW_08SRYYM6,0,0
ID_TS_NEW_QJ0YH92G,0,0
ID_TS_NEW_VVHUJ6MJ,0,0
ID_TS_NEW_ME49YMX5,0,0
ID_TS_NEW_E3JMQJPR,0,0
ID_TS_NEW_HS9LREPN,0,0
ID_TS_NEW_D1X8JYSS,0,0
ID_TS_NEW_BY6YM2RU,0,0
ID_TS_NEW_IQZOZ5N1,0,0
ID_TS_NEW_KVPM2TBR,0,0
ID_TS_NEW_ZLBVEY3T,0,0
ID_TS_NEW_1Q1GIV3O,0,0
ID_TS_NEW_V5HPRNCP,0,0
ID_TS_NEW_V4Q5AQIE,0,0
ID_TS_NEW_A27OEJZD,0,0
ID_TS_NEW_IC2S6URH,0,0
ID_TS_NEW_U76GTV2S,0,0
ID_TS_NEW_ZYGZAKBM,0,0
ID_TS_NEW_L0FXG04Z,0,0
ID_TS_NEW_2HUGKCYS,0,0
ID_TS_NEW_LOS601FR,0,0
ID_TS_NEW_SCRYJ20E,0,0
ID_TS_NEW_2QQGF6DK,0,0
ID_TS_NEW_I394NPY1,0,0
ID_TS_NEW_DRR5RI5M,0,0
ID_TS_NEW_S49DLN5E,0,0
ID_TS_NEW_2BY0U2SX,0,0
ID_TS_NEW_747ISX6G,0,0
ID_TS_NEW_O3DKNS93,0,0
ID_TS_NEW_2DJVFG2T,0,0
ID_TS_NEW_Z8J9NRN4,0,0
ID_TS_NEW_DON4XV0Q,0,0
ID_TS_NEW_XYOUK90U,0,0
ID_TS_NEW_FN73QJ96,0,0
ID_TS_NEW_9LLP9XZ8,0,0
ID_TS_NEW_VEYIDDR9,0,0
ID_TS_NEW_YB883A1Z,0,0
ID_TS_NEW_COLBY04S,0,0
ID_TS_NEW_SZNF4Q6I,0,0
ID_TS_NEW_ABBCZLLX,0,0
ID_TS_NEW_LS0RCBWG,0,0
ID_TS_NEW_FMP59ECZ,0,0
ID_TS_NEW_CUE53TQK,0,0
ID_TS_NEW_ZCTBSC9P,0,0
ID_TS_NEW_W4F0KV1V,0,0
ID_TS_NEW_DR1Y0CP2,0,0
ID_TS_NEW_44C5H1WF,0,0
ID_TS_NEW_QDJEINI6,0,0
ID_TS_NEW_6OGR1KRI,0,0
ID_TS_NEW_M904HEN7,0,0
ID_TS_NEW_4Q1VMORA,0,0
ID_TS_NEW_B4M5RZVC,0,0
ID_TS_NEW_86XDAGNR,0,0
ID_TS_NEW_U5U4HBC7,0,0
ID_TS_NEW_MXO4ZHAN,0,0
ID_TS_NEW_PU7JABVO,0,0
ID_TS_NEW_XMBWZZT7,0,0
ID_TS_NEW_VXLFAT1M,0,0
ID_TS_NEW_JZD25EL3,0,0
ID_TS_NEW_I5ACCV6M,0,0
ID_TS_NEW_UJWYMMMU,0,0
ID_TS_NEW_A1RHXGPK,0,0
ID_TS_NEW_2URYKBFZ,0,0
ID_TS_NEW_CMMRUR3G,0,0
ID_TS_NEW_FW612T6C,0,0
ID_TS_NEW_1CS8UYS9,0,0
ID_TS_NEW_ZWWQSLD7,0,0
ID_TS_NEW_EA4JTMPN,0,0
ID_TS_NEW_IR03G83C,0,0
ID_TS_NEW_787KXSJ1,0,0
ID_TS_NEW_XRKT3S68,0,0
ID_TS_NEW_I7OEL82L,0,0
ID_TS_NEW_15AMNZV4,0,0
ID_TS_NEW_FPOPLALB,0,0
ID_TS_NEW_Q3UZKCXE,0,0
ID_TS_NEW_WLPH98CV,0,0
ID_TS_NEW_664BGNAT,0,0
ID_TS_NEW_35E82WBS,0,0
ID_TS_NEW_734RECZA,0,0
ID_TS_NEW_307CVA8Q,0,0
ID_TS_NEW_Z0HVLG9U,0,0
ID_TS_NEW_JTB4SJXI,0,0
ID_TS_NEW_V4WLWKV3,0,0
ID_TS_NEW_FLW9J4S4,0,0
ID_TS_NEW_B1CH9SAB,0,0
ID_TS_NEW_GX2HXCF6,0,0
ID_TS_NEW_EMSKXGCE,0,0
ID_TS_NEW_KLGP10DF,0,0
ID_TS_NEW_I4H23LKH,0,0
ID_TS_NEW_9QWP1T57,0,0
ID_TS_NEW_23453CKF,0,0
ID_TS_NEW_57V5FT9F,0,0
ID_TS_NEW_E17N439X,0,0
ID_TS_NEW_4GJVV1U3,0,0
ID_TS_NEW_01OVVO6U,0,0
ID_TS_NEW_NYL9HU9U,0,0
ID_TS_NEW_NH3J0B6T,0,0
ID_TS_NEW_3GN8MS8R,0,0
ID_TS_NEW_UT77JB2A,0,0
ID_TS_NEW_GYSEZA48,0,0
ID_TS_NEW_CRS4Q1J7,0,0
ID_TS_NEW_M8RSKXZW,0,0
ID_TS_NEW_GCZJCJ4R,0,0
ID_TS_NEW_DFS350DJ,0,0
ID_TS_NEW_KAW7VQ1X,0,0
ID_TS_NEW_IJE6E5TM,0,0
ID_TS_NEW_0CMKCYBI,0,0
ID_TS_NEW_L7UIG5I4,0,0
ID_TS_NEW_QY0KEXU1,0,0
ID_TS_NEW_61LA3V8E,0,0
ID_TS_NEW_6O0DKUD3,0,0
ID_TS_NEW_7UK2SQ0V,0,0
ID_TS_NEW_RK3L5EM1,0,0
ID_TS_NEW_GDSW7P3B,0,0
ID_TS_NEW_26LPDIOE,0,0
ID_TS_NEW_9KIR7L5E,0,0
ID_TS_NEW_DG51IEXG,0,0
ID_TS_NEW_KTE9H1GU,0,0
ID_TS_NEW_H22YJSEH,0,0
ID_TS_NEW_THXP3CTQ,0,0
ID_TS_NEW_07RJBRSL,0,0
ID_TS_NEW_9R0O7FWH,0,0
ID_TS_NEW_ZR7HGELZ,0,0
ID_TS_NEW_R0N1HPF8,0,0
ID_TS_NEW_6Y8T1XZ8,0,0
ID_TS_NEW_030K8WXY,0,0
ID_TS_NEW_BVOHFIMT,0,0
ID_TS_NEW_7HXWL7TS,0,0
ID_TS_NEW_GBQADUFK,0,0
ID_TS_NEW_1T141OEA,0,0
ID_TS_NEW_DUNSGK3E,0,0
ID_TS_NEW_A9L6RTK7,0,0
ID_TS_NEW_QE0SVG6R,0,0
ID_TS_NEW_E0NAZGOI,0,0
ID_TS_NEW_7JFGNTCE,0,0
ID_TS_NEW_TDHXJ753,0,0
ID_TS_NEW_33K1032Q,0,0
ID_TS_NEW_N7RB794L,0,0
ID_TS_NEW_GTD1IAAB,0,0
ID_TS_NEW_EL9QGUX9,0,0
ID_TS_NEW_YVMNWLPB,0,0
ID_TS_NEW_UMG40XAH,0,0
ID_TS_NEW_HXIVU3Q2,0,0
ID_TS_NEW_RNZRQ0KS,0,0
ID_TS_NEW_31BSEPT0,0,0
ID_TS_NEW_WI11LQCH,0,0
ID_TS_NEW_3O5Z8AAZ,0,0
ID_TS_NEW_IVOK01PO,0,0
ID_TS_NEW_H0EBV0WK,0,0
ID_TS_NEW_QXFDQ0OI,0,0
ID_TS_NEW_0XJTVRHZ,0,0
ID_TS_NEW_FFS1TEEO,0,0
ID_TS_NEW_Q3LWL614,0,0
ID_TS_NEW_APUT1QE0,0,0
ID_TS_NEW_ZEDA631H,0,0
ID_TS_NEW_BNM8NPRI,0,0
ID_TS_NEW_PM2QHRXX,0,0
ID_TS_NEW_RK7EEIG1,0,0
ID_TS_NEW_86L11W21,0,0
ID_TS_NEW_Y7QOIPQ6,0,0
ID_TS_NEW_GV88IGXW,0,0
ID_TS_NEW_WTK1NRPE,0,0
ID_TS_NEW_0I9DK02D,0,0
ID_TS_NEW_OA9TX3XZ,0,0
ID_TS_NEW_RWG0QFIZ,0,0
ID_TS_NEW_NUYP0EJM,0,0
ID_TS_NEW_710E4Q9Z,0,0
ID_TS_NEW_FQL1U58P,0,0
ID_TS_NEW_AWI8RFGB,0,0
ID_TS_NEW_1ZMKLTEB,0,0
ID_TS_NEW_IEW2QZVI,0,0
ID_TS_NEW_QNFINCK8,0,0
ID_TS_NEW_MOV2YTPP,0,0
ID_TS_NEW_H4WRDE3G,0,0
ID_TS_NEW_K08DPGF2,0,0
ID_TS_NEW_M1G8BJIF,0,0
ID_TS_NEW_O5RWKI5H,0,0
ID_TS_NEW_ZLCUY2VV,0,0
ID_TS_NEW_6SFHQ69C,0,0
ID_TS_NEW_GIYLLGE0,0,0
ID_TS_NEW_K26Y77IG,0,0
ID_TS_NEW_ZNHRRD9V,0,0
ID_TS_NEW_Y4O3A54Y,0,0
ID_TS_NEW_4GG3KM40,0,0
ID_TS_NEW_VBHT4FI4,0,0
ID_TS_NEW_PDZ37CJW,0,0
ID_TS_NEW_SDI04A43,0,0
ID_TS_NEW_6830N9DA,0,0
ID_TS_NEW_PXZ4AR77,0,0
ID_TS_NEW_6URRKGIL,0,0
ID_TS_NEW_6KHQ9M05,0,0
ID_TS_NEW_RXUOHVU7,0,0
ID_TS_NEW_05H6TLM4,0,0
ID_TS_NEW_V2QJG5TR,0,0
ID_TS_NEW_WP6T8IAW,0,0
ID_TS_NEW_E1MIFU7P,0,0
ID_TS_NEW_ZT51DLKT,0,0
ID_TS_NEW_GCU1H6K0,0,0
ID_TS_NEW_NKWJSDPH,0,0
ID_TS_NEW_M7QR2UL2,0,0
ID_TS_NEW_JWBICG54,0,0
ID_TS_NEW_HOZT6BV1,0,0
ID_TS_NEW_OKYF0AKD,0,0
ID_TS_NEW_V5E1C7QL,0,0
ID_TS_NEW_66LELD8D,0,0
ID_TS_NEW_421T2LN9,0,0
ID_TS_NEW_MD0LKTFZ,0,0
ID_TS_NEW_1J8AG4HT,0,0
ID_TS_NEW_4O12HQOQ,0,0
ID_TS_NEW_BQBGZGNZ,0,0
ID_TS_NEW_A0607KMM,0,0
ID_TS_NEW_KC0UHWNX,0,0
ID_TS_NEW_4GUK0HFX,0,0
ID_TS_NEW_ML6G2B51,0,0
ID_TS_NEW_ED9LUTPE,0,0
ID_TS_NEW_AA6H3GPA,0,0
ID_TS_NEW_7ESQHTYI,0,0
ID_TS_NEW_O55M9X7U,0,0
ID_TS_NEW_PL6T6IWK,0,0
ID_TS_NEW_9ZFR9I8Z,0,0
ID_TS_NEW_PX5R7ZSQ,0,0
ID_TS_NEW_0EI5QGYD,0,0
ID_TS_NEW_AX2TDYAF,0,0
ID_TS_NEW_SNY1T9A8,0,0
ID_TS_NEW_9S9US1LH,0,0
ID_TS_NEW_AA2DZKQN,0,0
ID_TS_NEW_3VRZVQD8,0,0
ID_TS_NEW_5ULUH5OV,0,0
ID_TS_NEW_CMYYB321,0,0
ID_TS_NEW_N2P0QWI9,0,0
ID_TS_NEW_JDBTCTPS,0,0
ID_TS_NEW_FYGP3QLQ,0,0
ID_TS_NEW_A49AXYDD,0,0
ID_TS_NEW_RLPLFNYO,0,0
ID_TS_NEW_TDIZM9RV,0,0
ID_TS_NEW_ACXMR74T,0,0
ID_TS_NEW_QH6DU9KK,0,0
ID_TS_NEW_5REDVD34,0,0
ID_TS_NEW_N62QO44R,0,0
ID_TS_NEW_OJ09YX0V,0,0
ID_TS_NEW_6UWJN60H,0,0
ID_TS_NEW_NOCMDM82,0,0
ID_TS_NEW_1UXT6KSH,0,0
ID_TS_NEW_TT48FCUQ,0,0
ID_TS_NEW_51OZTP0A,0,0
ID_TS_NEW_M6Y0D896,0,0
ID_TS_NEW_72CROHXV,0,0
ID_TS_NEW_2K8QS1GC,0,0
ID_TS_NEW_CWNDIQPM,0,0
ID_TS_NEW_IVYEPUNP,0,0
ID_TS_NEW_QHB5P0MF,0,0
ID_TS_NEW_YT4JPXWS,0,0
ID_TS_NEW_UR885LIW,0,0
ID_TS_NEW_ZCDLD7IX,0,0
ID_TS_NEW_OOR2GSYB,0,0
ID_TS_NEW_0VP54BHV,0,0
ID_TS_NEW_AM0HG8M9,0,0
ID_TS_NEW_LOP5O84P,0,0
ID_TS_NEW_ICW5KUGU,0,0
ID_TS_NEW_D09FIIW0,0,0
ID_TS_NEW_5HFD4N5U,0,0
ID_TS_NEW_MCPPHTG3,0,0
ID_TS_NEW_DE6U77M5,0,0
ID_TS_NEW_A6LBIR3E,0,0
ID_TS_NEW_TINW26NU,0,0
ID_TS_NEW_23SZ5KWA,0,0
ID_TS_NEW_SICUGO4S,0,0
ID_TS_NEW_GD04IUBU,0,0
ID_TS_NEW_B1PHIAV7,0,0
ID_TS_NEW_ZW9VQCNA,0,0
ID_TS_NEW_W984J50I,0,0
ID_TS_NEW_IHCQY6NW,0,0
ID_TS_NEW_RO4UI4OZ,0,0
ID_TS_NEW_H5ROJ86H,0,0
ID_TS_NEW_873F8CT4,0,0
ID_TS_NEW_AJQLAN52,0,0
ID_TS_NEW_IPKZNIG4,0,0
ID_TS_NEW_0UJHS08O,0,0
ID_TS_NEW_D72PLI7P,0,0
ID_TS_NEW_8ZKVOTOO,0,0
ID_TS_NEW_KO31RKB4,0,0
ID_TS_NEW_SW265M3W,0,0
ID_TS_NEW_AUCS9HJ7,0,0
ID_TS_NEW_QM19T1MG,0,0
ID_TS_NEW_DS9GMA00,0,0
ID_TS_NEW_3VTKFIA2,0,0
ID_TS_NEW_MI5X0N2B,0,0
ID_TS_NEW_VG0MW3VQ,0,0
ID_TS_NEW_MA3UTG0V,0,0
ID_TS_NEW_UW01VY97,0,0
ID_TS_NEW_16NMLX5O,0,0
ID_TS_NEW_6ND66KN2,0,0
ID_TS_NEW_599B8OTC,0,0
ID_TS_NEW_8FE7IAL3,0,0
ID_TS_NEW_NUE1CTF8,0,0
ID_TS_NEW_ONOD8BQW,0,0
ID_TS_NEW_WQIIPD9K,0,0
ID_TS_NEW_DXEQJ3BZ,0,0
ID_TS_NEW_ZGFZURMY,0,0
ID_TS_NEW_4H1XMYRJ,0,0
ID_TS_NEW_J58JBZBE,0,0
ID_TS_NEW_YKR2C9TW,0,0
ID_TS_NEW_PMPE9EKK,0,0
ID_TS_NEW_F31V7CSA,0,0
ID_TS_NEW_KOD0K8F7,0,0
ID_TS_NEW_21HVN07S,0,0
ID_TS_NEW_1Z98XIFK,0,0
ID_TS_NEW_CRSGBJ05,0,0
ID_TS_NEW_JWBAPTGK,0,0
ID_TS_NEW_BMK3T54Y,0,0
ID_TS_NEW_PPV50YOA,0,0
ID_TS_NEW_6GB9NIP1,0,0
ID_TS_NEW_NET4XV49,0,0
ID_TS_NEW_0XQ8B0DG,0,0
ID_TS_NEW_BYMKVNU9,0,0
ID_TS_NEW_07VU7AYD,0,0
ID_TS_NEW_241G22NO,0,0
ID_TS_NEW_LWTQM9C9,0,0
ID_TS_NEW_BQDD9W1X,0,0
ID_TS_NEW_RSEPFRWH,0,0
ID_TS_NEW_2ZFLXWNT,0,0
ID_TS_NEW_N1YX1AZF,0,0
ID_TS_NEW_LYCATLVE,0,0
ID_TS_NEW_SZGMN2ON,0,0
ID_TS_NEW_7RI5I6A5,0,0
ID_TS_NEW_BNW7GE9H,0,0
ID_TS_NEW_9C7NLOUP,0,0
ID_TS_NEW_T1Y2EK3V,0,0
ID_TS_NEW_7PNY5JTW,0,0
ID_TS_NEW_CVD4XYUJ,0,0
ID_TS_NEW_08LXR7W6,0,0
ID_TS_NEW_OKZO45JO,0,0
ID_TS_NEW_9SU8HXW9,0,0
ID_TS_NEW_06KY9UJ2,0,0
ID_TS_NEW_JO0GH1OO,0,0
ID_TS_NEW_EFJTI828,0,0
ID_TS_NEW_WB2EC0I4,0,0
ID_TS_NEW_9X9B8YIA,0,0
ID_TS_NEW_BPPRZXK4,0,0
ID_TS_NEW_3O9CNLQI,0,0
ID_TS_NEW_OGP9Y71P,0,0
ID_TS_NEW_PHE5MOZA,0,0
ID_TS_NEW_F6OCM3ZV,0,0
ID_TS_NEW_9KWKF9NV,0,0
ID_TS_NEW_N6WLLS8S,0,0
ID_TS_NEW_45K3JAJL,0,0
ID_TS_NEW_HT8D1JR3,0,0
ID_TS_NEW_UOBHC38I,0,0
ID_TS_NEW_AXL426AU,0,0
ID_TS_NEW_LZ1XASI6,0,0
ID_TS_NEW_ZQFF99LO,0,0
ID_TS_NEW_50P1ZR2Q,0,0
ID_TS_NEW_10WZUUIN,0,0
ID_TS_NEW_F3DHXOCW,0,0
ID_TS_NEW_RA18F8RX,0,0
ID_TS_NEW_FGCB2475,0,0
ID_TS_NEW_C4XXMZHC,0,0
ID_TS_NEW_6WQM99JC,0,0
ID_TS_NEW_3W768OAG,0,0
ID_TS_NEW_15M9TH0T,0,0
ID_TS_NEW_KCHCI716,0,0
ID_TS_NEW_S7PTDWYJ,0,0
ID_TS_NEW_YSIHMUE3,0,0
ID_TS_NEW_R8HHF7N2,0,0
ID_TS_NEW_CAU4JI0A,0,0
ID_TS_NEW_15IYYDJG,0,0
ID_TS_NEW_U4ZG1QPF,0,0
ID_TS_NEW_DOI2V87G,0,0
ID_TS_NEW_06VNWQQY,0,0
ID_TS_NEW_L4979A3K,0,0
ID_TS_NEW_RX91IYK5,0,0
ID_TS_NEW_UYX7G2HS,0,0
ID_TS_NEW_RZU3MUHQ,0,0
ID_TS_NEW_FMOQOQQ7,0,0
ID_TS_NEW_NT3NPGE8,0,0
ID_TS_NEW_YDXMZ3SR,0,0
ID_TS_NEW_WBKYZZXX,0,0
ID_TS_NEW_Z7WHKS3T,0,0
ID_TS_NEW_V18QL4VJ,0,0
ID_TS_NEW_B6AVU00V,0,0
ID_TS_NEW_PL696U0H,0,0
ID_TS_NEW_BSR1TN5X,0,0
ID_TS_NEW_HGA2YW48,0,0
ID_TS_NEW_ABR393FD,0,0
ID_TS_NEW_9OVGM878,0,0
ID_TS_NEW_6CGN5JCU,0,0
ID_TS_NEW_BHMJ42LB,0,0
ID_TS_NEW_RT7J1KH3,0,0
ID_TS_NEW_TOD2UYV3,0,0
ID_TS_NEW_B33WNMN3,0,0
ID_TS_NEW_3C7V259U,0,0
ID_TS_NEW_RQBGGG9T,0,0
ID_TS_NEW_U54DFR7B,0,0
ID_TS_NEW_O6IFBH76,0,0
ID_TS_NEW_FBVNRB5Q,0,0
ID_TS_NEW_6VURNWUH,0,0
ID_TS_NEW_85X8EE04,0,0
ID_TS_NEW_KLPUOOY4,0,0
ID_TS_NEW_PXI6OT32,0,0
ID_TS_NEW_54YB9PAF,0,0
ID_TS_NEW_AJQ25E1G,0,0
ID_TS_NEW_22Q0CVT6,0,0
ID_TS_NEW_I10RD2RL,0,0
ID_TS_NEW_LTR2QCUY,0,0
ID_TS_NEW_3VV32XQX,0,0
ID_TS_NEW_VFXWCQH4,0,0
ID_TS_NEW_FPIONUVS,0,0
ID_TS_NEW_UZV8VPGJ,0,0
ID_TS_NEW_FM3N3F71,0,0
ID_TS_NEW_QA3IC9KD,0,0
ID_TS_NEW_HVKYTOZS,0,0
ID_TS_NEW_DQOADKC1,0,0
ID_TS_NEW_CDE19IT9,0,0
ID_TS_NEW_GH344KGC,0,0
ID_TS_NEW_R2T5XDBA,0,0
ID_TS_NEW_H3K52PWR,0,0
ID_TS_NEW_CFNGOBMV,0,0
ID_TS_NEW_T4ZX0TI9,0,0
ID_TS_NEW_G1Z2IQMJ,0,0
ID_TS_NEW_5ZYQLFA4,0,0
ID_TS_NEW_M3VFN3GR,0,0
ID_TS_NEW_6ALLJGSU,0,0
ID_TS_NEW_LUO5HB2Z,0,0
ID_TS_NEW_TT29SXH6,0,0
ID_TS_NEW_HGPMD5LQ,0,0
ID_TS_NEW_EVIY7CFX,0,0
ID_TS_NEW_YFECGGWI,0,0
ID_TS_NEW_TNQOCA6P,0,0
ID_TS_NEW_CS0G1TDW,0,0
ID_TS_NEW_11OXJ167,0,0
ID_TS_NEW_EDU28KVK,0,0
ID_TS_NEW_7CJUBG12,0,0
ID_TS_NEW_58AGE9UU,0,0
ID_TS_NEW_5VCZRPNT,0,0
ID_TS_NEW_KVVOH9EG,0,0
ID_TS_NEW_REIJDWOE,0,0
ID_TS_NEW_N0EJ1HEN,0,0
ID_TS_NEW_LJZ4MO7L,0,0
ID_TS_NEW_QUZTA2JQ,0,0
ID_TS_NEW_F27CKE40,0,0
ID_TS_NEW_Y9RIWYH4,0,0
ID_TS_NEW_MOFMXDN5,0,0
ID_TS_NEW_B7QWVT3L,0,0
ID_TS_NEW_JY8CIFZT,0,0
ID_TS_NEW_5NOABH62,0,0
ID_TS_NEW_UJGGK7TR,0,0
ID_TS_NEW_STSN1YHF,0,0
ID_TS_NEW_KHNO9WA2,0,0
ID_TS_NEW_23YTIWZS,0,0
ID_TS_NEW_CWP6UK74,0,0
ID_TS_NEW_DTFI1IY4,0,0
ID_TS_NEW_ZLQ0Z6PC,0,0
ID_TS_NEW_UP5ZZ8UG,0,0
ID_TS_NEW_K99F83M7,0,0
ID_TS_NEW_RKDRZJJ1,0,0
ID_TS_NEW_R8LFTJ2J,0,0
ID_TS_NEW_RIFCBG2N,0,0
ID_TS_NEW_AFKKUQN9,0,0
ID_TS_NEW_LJQRQ88R,0,0
ID_TS_NEW_H7VOTRPD,0,0
ID_TS_NEW_60OOD3ZZ,0,0
ID_TS_NEW_EOT5KPEQ,0,0
ID_TS_NEW_S05UNLM3,0,0
ID_TS_NEW_TEJAQVXV,0,0
ID_TS_NEW_G69T8ZJA,0,0
ID_TS_NEW_D7DQRQAZ,0,0
ID_TS_NEW_6MUUXPH8,0,0
ID_TS_NEW_L62BSQEH,0,0
ID_TS_NEW_OMNNTS0V,0,0
ID_TS_NEW_OTTZX8S1,0,0
ID_TS_NEW_1RB4ZKC2,0,0
ID_TS_NEW_AR58BTVE,0,0
ID_TS_NEW_TKUUKF6I,0,0
ID_TS_NEW_17H5H6XP,0,0
ID_TS_NEW_T41G2DDD,0,0
ID_TS_NEW_RYPIPHV4,0,0
ID_TS_NEW_NJCQ15ZY,0,0
ID_TS_NEW_LK451D9G,0,0
ID_TS_NEW_98AEJE62,0,0
ID_TS_NEW_SQ9G9PVO,0,0
ID_TS_NEW_SI6TA9KI,0,0
ID_TS_NEW_JHU6MG2B,0,0
ID_TS_NEW_QSV58M51,0,0
ID_TS_NEW_O9VFBVDA,0,0
ID_TS_NEW_VAJNXRAS,0,0
ID_TS_NEW_I4800P8U,0,0
ID_TS_NEW_7M6RU7A6,0,0
ID_TS_NEW_2F574JVS,0,0
ID_TS_NEW_IGE8Q8EO,0,0
ID_TS_NEW_A8GB6ZHI,0,0
ID_TS_NEW_VKVY135X,0,0
ID_TS_NEW_FYU8VT0O,0,0
ID_TS_NEW_Q74YPXGC,0,0
ID_TS_NEW_7I7X9LYN,0,0
ID_TS_NEW_IVMA2Y87,0,0
ID_TS_NEW_VEI120DX,0,0
ID_TS_NEW_O8BXGQEE,0,0
ID_TS_NEW_6JY8SNMG,0,0
ID_TS_NEW_VD9XZOXS,0,0
ID_TS_NEW_P5MJJJAQ,0,0
ID_TS_NEW_W2V7EFZ1,0,0
ID_TS_NEW_9G9SBX90,0,0
ID_TS_NEW_VCPDZBH0,0,0
ID_TS_NEW_UID38FVV,0,0
ID_TS_NEW_FCGZ0FWE,0,0
ID_TS_NEW_GWR5JYME,0,0
ID_TS_NEW_QEOU5F5D,0,0
ID_TS_NEW_15QS2OWJ,0,0
ID_TS_NEW_R9ONEUON,0,0
ID_TS_NEW_3BPHOV8X,0,0
ID_TS_NEW_6EUOKYQG,0,0
ID_TS_NEW_YD33AEIJ,0,0
ID_TS_NEW_O4WIAVZE,0,0
ID_TS_NEW_719PIPMX,0,0
ID_TS_NEW_8XPRNVFW,0,0
ID_TS_NEW_0KWD29QW,0,0
ID_TS_NEW_MX9M43GA,0,0
ID_TS_NEW_4XRKPRCD,0,0
ID_TS_NEW_NRM2HPYK,0,0
ID_TS_NEW_WP3A4ZPP,0,0
ID_TS_NEW_TSC7AU73,0,0
ID_TS_NEW_0A4QC38H,0,0
ID_TS_NEW_CD6NOEII,0,0
ID_TS_NEW_J2VHG8SF,0,0
ID_TS_NEW_NPK6JRZN,0,0
ID_TS_NEW_Q0UPI8AC,0,0
ID_TS_NEW_T775YDOM,0,0
ID_TS_NEW_KI0YVEFR,0,0
ID_TS_NEW_9ST4WHKB,0,0
ID_TS_NEW_M7D7QDLA,0,0
ID_TS_NEW_SJPRTDZP,0,0
ID_TS_NEW_I4XGRMR3,0,0
ID_TS_NEW_0MA9C1RO,0,0
ID_TS_NEW_UON6LF6V,0,0
ID_TS_NEW_5IATBV23,0,0
ID_TS_NEW_40ED28PM,0,0
ID_TS_NEW_F73RTVU6,0,0
ID_TS_NEW_JU913KS8,0,0
ID_TS_NEW_LJFISIBD,0,0
ID_TS_NEW_7NF2ABHO,0,0
ID_TS_NEW_IBCWEGPJ,0,0
ID_TS_NEW_01T3I13F,0,0
ID_TS_NEW_C5LTMNBW,0,0
ID_TS_NEW_M09FIGT7,0,0
ID_TS_NEW_UTWNJYO0,0,0
ID_TS_NEW_ROSUF228,0,0
ID_TS_NEW_FA5RTLK4,0,0
ID_TS_NEW_T50CBLXJ,0,0
ID_TS_NEW_RR65036C,0,0
ID_TS_NEW_6AF9QJRM,0,0
ID_TS_NEW_3GBS3RNM,0,0
ID_TS_NEW_9TAATNYV,0,0
ID_TS_NEW_PFHD41J2,0,0
ID_TS_NEW_36726SKB,0,0
ID_TS_NEW_82W12O2Z,0,0
ID_TS_NEW_6KJDEK4T,0,0
ID_TS_NEW_PH6DMDS2,0,0
ID_TS_NEW_6YZJCWNV,0,0
ID_TS_NEW_A81CQTDL,0,0
ID_TS_NEW_58VULSJN,0,0
ID_TS_NEW_MJTLD2YP,0,0
ID_TS_NEW_238A6XRR,0,0
ID_TS_NEW_T8BZ52U2,0,0
ID_TS_NEW_7DR30MYB,0,0
ID_TS_NEW_J87HRVI7,0,0
ID_TS_NEW_IVB4JD1E,0,0
ID_TS_NEW_0CGVBYES,0,0
ID_TS_NEW_DXY53YSL,0,0
ID_TS_NEW_VT67WIQ3,0,0
ID_TS_NEW_M9I50GKP,0,0
ID_TS_NEW_LWK3C5DG,0,0
ID_TS_NEW_KANAPXT9,0,0
ID_TS_NEW_DUJNNUP2,0,0
ID_TS_NEW_HYKKUVE7,0,0
ID_TS_NEW_TSDO00M0,0,0
ID_TS_NEW_W6YMJWYA,0,0
ID_TS_NEW_WKA7WT4K,0,0
ID_TS_NEW_PKSDTK08,0,0
ID_TS_NEW_SXY3ADTC,0,0
ID_TS_NEW_1D47OL8R,0,0
ID_TS_NEW_52B6WJ32,0,0
ID_TS_NEW_GRD3BLGR,0,0
ID_TS_NEW_PH88CV2S,0,0
ID_TS_NEW_9EYZ4TWS,0,0
ID_TS_NEW_L5VGT8K9,0,0
ID_TS_NEW_WNPLGRYU,0,0
ID_TS_NEW_0SE0V0AD,0,0
ID_TS_NEW_SYUPPUC5,0,0
ID_TS_NEW_SIWH60UT,0,0
ID_TS_NEW_86UJ8ZKD,0,0
ID_TS_NEW_5GMK0Y4X,0,0
ID_TS_NEW_V3W27KFX,0,0
ID_TS_NEW_XI7NCN4Q,0,0
ID_TS_NEW_SIEW7KQS,0,0
ID_TS_NEW_WOYA4G0N,0,0
ID_TS_NEW_ECDFVWQL,0,0
ID_TS_NEW_4LUQAL3W,0,0
ID_TS_NEW_2JG7DIKN,0,0
ID_TS_NEW_1EUTB0SK,0,0
ID_TS_NEW_37HYA1RO,0,0
ID_TS_NEW_JEZTBO7F,0,0
ID_TS_NEW_9U8ETBNY,0,0
ID_TS_NEW_W2ZXQ2I9,0,0
ID_TS_NEW_UE8WANCI,0,0
ID_TS_NEW_6616WU68,0,0
ID_TS_NEW_BKB0D2N7,0,0
ID_TS_NEW_SED7KJ45,0,0
ID_TS_NEW_ZCGWMCR9,0,0
ID_TS_NEW_LASK6X4Y,0,0
ID_TS_NEW_B25ZNYXD,0,0
ID_TS_NEW_MGVDBRIV,0,0
ID_TS_NEW_Q5PWQ0IX,0,0
ID_TS_NEW_PCG5NEEF,0,0
ID_TS_NEW_6WWW4AIU,0,0
ID_TS_NEW_6394YNLS,0,0
ID_TS_NEW_6WUJC7ED,0,0
ID_TS_NEW_YU8Y76XX,0,0
ID_TS_NEW_Z046L01H,0,0
ID_TS_NEW_NK7ZGMZT,0,0
ID_TS_NEW_A1WQRSJ2,0,0
ID_TS_NEW_G7E8E105,0,0
ID_TS_NEW_GWHC4PM8,0,0
ID_TS_NEW_VOKEJ9FO,0,0
ID_TS_NEW_JETPR092,0,0
ID_TS_NEW_IQNXWV25,0,0
ID_TS_NEW_6Q13YN5R,0,0
ID_TS_NEW_B3C6J7TB,0,0
ID_TS_NEW_5ZF5JTCQ,0,0
ID_TS_NEW_KXHEDXGC,0,0
ID_TS_NEW_W7YGBSUG,0,0
ID_TS_NEW_SGILTTR2,0,0
ID_TS_NEW_EU3LSA56,0,0
ID_TS_NEW_P4QPUW0J,0,0
ID_TS_NEW_4JBC53DI,0,0
ID_TS_NEW_79L0VLEC,0,0
ID_TS_NEW_8H9WCE6X,0,0
ID_TS_NEW_J3A73YWU,0,0
ID_TS_NEW_CRVE0P7G,0,0
ID_TS_NEW_KAN70U2W,0,0
ID_TS_NEW_LMAQYMO5,0,0
ID_TS_NEW_2CJXEMGJ,0,0
ID_TS_NEW_O8RBNO2U,0,0
ID_TS_NEW_UKE6YBR0,0,0
ID_TS_NEW_79R5TOCA,0,0
ID_TS_NEW_ACVR02CF,0,0
ID_TS_NEW_4BL73603,0,0
ID_TS_NEW_87KXYDOK,0,0
ID_TS_NEW_4V92H6YE,0,0
ID_TS_NEW_7L054U62,0,0
ID_TS_NEW_Z3F45LL2,0,0
ID_TS_NEW_3J5N3HVI,0,0
ID_TS_NEW_ZOVSC6OJ,0,0
ID_TS_NEW_GRPQOQ8I,0,0
ID_TS_NEW_FM6G6E5F,0,0
ID_TS_NEW_88EXY6N1,0,0
ID_TS_NEW_I06FCSN6,0,0
ID_TS_NEW_CLQCH0JM,0,0
ID_TS_NEW_9TJ5AHEG,0,0
ID_TS_NEW_G7A77A4N,0,0
ID_TS_NEW_5EBFNDHQ,0,0
ID_TS_NEW_KGOC2NMK,0,0
ID_TS_NEW_OYAAPB1V,0,0
ID_TS_NEW_9M3HHAFV,0,0
ID_TS_NEW_VK7NWT8K,0,0
ID_TS_NEW_EJ0B66LO,0,0
ID_TS_NEW_XL0ELFDC,0,0
ID_TS_NEW_7ND324MS,0,0
ID_TS_NEW_PBR85N6S,0,0
ID_TS_NEW_8AXJ3WIZ,0,0
ID_TS_NEW_44GNQSRB,0,0
ID_TS_NEW_BWAZ7PCY,0,0
ID_TS_NEW_X5YTCO1A,0,0
ID_TS_NEW_IHTNEHVD,0,0
ID_TS_NEW_1PGIUBOK,0,0
ID_TS_NEW_4GNA5VCY,0,0
ID_TS_NEW_6YHIID35,0,0
ID_TS_NEW_ZF2BP307,0,0
ID_TS_NEW_G069C2A2,0,0
ID_TS_NEW_TZSST3X3,0,0
ID_TS_NEW_J68M3B4Y,0,0
ID_TS_NEW_CRDQ4V9U,0,0
ID_TS_NEW_22I6LG4H,0,0
ID_TS_NEW_VIVX6ZUS,0,0
ID_TS_NEW_5JLPDXF3,0,0
ID_TS_NEW_3R7HQZJX,0,0
ID_TS_NEW_0BPO1TCT,0,0
ID_TS_NEW_FG1E0UGW,0,0
ID_TS_NEW_FZWF5P9O,0,0
ID_TS_NEW_UHIKA69U,0,0
ID_TS_NEW_ZEOZQ0IL,0,0
ID_TS_NEW_6H6ZEGO1,0,0
ID_TS_NEW_D61BK9QB,0,0
ID_TS_NEW_QG38NVT3,0,0
ID_TS_NEW_Y60A2BGW,0,0
ID_TS_NEW_RRI07J57,0,0
ID_TS_NEW_ORFYH4QY,0,0
ID_TS_NEW_OTWTCLZR,0,0
ID_TS_NEW_RFPIZYME,0,0
ID_TS_NEW_KDLRZNTP,0,0
ID_TS_NEW_1Y5XBEJU,0,0
ID_TS_NEW_S3YYRKN9,0,0
ID_TS_NEW_QBK0B1AN,0,0
ID_TS_NEW_ETQGHLLG,0,0
ID_TS_NEW_WXW6H2AJ,0,0
ID_TS_NEW_RFXTF7XX,0,0
ID_TS_NEW_AEJ8JS4K,0,0
ID_TS_NEW_5W9WRER7,0,0
ID_TS_NEW_GAD6EJ8A,0,0
ID_TS_NEW_8B2C9I4A,0,0
ID_TS_NEW_TN6KDDD6,0,0
ID_TS_NEW_CBBS4ZIX,0,0
ID_TS_NEW_S9NS7C65,0,0
ID_TS_NEW_KSOB30MV,0,0
ID_TS_NEW_1SMQ86ZQ,0,0
ID_TS_NEW_ERF29UBH,0,0
ID_TS_NEW_AOKIO1OG,0,0
ID_TS_NEW_TD11SRT3,0,0
ID_TS_NEW_EAOGWQX8,0,0
ID_TS_NEW_GLXTRE4S,0,0
ID_TS_NEW_GAG8B21V,0,0
ID_TS_NEW_66KVEEP1,0,0
ID_TS_NEW_IAA32RDQ,0,0
ID_TS_NEW_SFPML3NY,0,0
ID_TS_NEW_70NUHS6B,0,0
ID_TS_NEW_511UOY5Q,0,0
ID_TS_NEW_MBMRGQCN,0,0
ID_TS_NEW_5P2S3VHA,0,0
ID_TS_NEW_BY813WTG,0,0
ID_TS_NEW_94LCABSJ,0,0
ID_TS_NEW_J7CQV2OR,0,0
ID_TS_NEW_DX9UEZQ6,0,0
ID_TS_NEW_UTIV8DAV,0,0
ID_TS_NEW_NU6QEONN,0,0
ID_TS_NEW_HBB8QC2Z,0,0
ID_TS_NEW_WFN6PSBM,0,0
ID_TS_NEW_4B1KXAYG,0,0
ID_TS_NEW_XOP2L4TL,0,0
ID_TS_NEW_4CLM2M7U,0,0
ID_TS_NEW_CK2GEQJP,0,0
ID_TS_NEW_HTKVLIGO,0,0
ID_TS_NEW_A4ILPABR,0,0
ID_TS_NEW_UEPO198T,0,0
ID_TS_NEW_JM1AS8KD,0,0
ID_TS_NEW_NLZ1JO33,0,0
ID_TS_NEW_SIN064PB,0,0
ID_TS_NEW_ACGJ7C2O,0,0
ID_TS_NEW_AQKYFFPQ,0,0
ID_TS_NEW_FF0WBNVZ,0,0
ID_TS_NEW_0LSF64PT,0,0
ID_TS_NEW_40N3QOXJ,0,0
ID_TS_NEW_5H5R6AXE,0,0
ID_TS_NEW_4T0QXPVS,0,0
ID_TS_NEW_LAMABXQ5,0,0
ID_TS_NEW_DLGS1HL8,0,0
ID_TS_NEW_JRDG8UWG,0,0
ID_TS_NEW_W5LO92UB,0,0
ID_TS_NEW_M0H0NQHJ,0,0
ID_TS_NEW_UDXQ8O8W,0,0
ID_TS_NEW_884TR3E3,0,0
ID_TS_NEW_U86UBMI1,0,0
ID_TS_NEW_YXJ2J8HD,0,0
ID_TS_NEW_VNPS74X8,0,0
ID_TS_NEW_DJIWCFC8,0,0
ID_TS_NEW_0JAKY2IZ,0,0
ID_TS_NEW_1PJ03QE3,0,0
ID_TS_NEW_U5TO402A,0,0
ID_TS_NEW_IQKCEYVA,0,0
ID_TS_NEW_HR7PDPR6,0,0
ID_TS_NEW_TGTR4CJR,0,0
ID_TS_NEW_8PFPLVNZ,0,0
ID_TS_NEW_VFDHDXKW,0,0
ID_TS_NEW_EU7YDFQD,0,0
ID_TS_NEW_M94MF2ZN,0,0
ID_TS_NEW_J9F7ZC0K,0,0
ID_TS_NEW_N684CKRM,0,0
ID_TS_NEW_4XDWFTJK,0,0
ID_TS_NEW_70BIIG68,0,0
ID_TS_NEW_OONQKG71,0,0
ID_TS_NEW_YXLQKPA7,0,0
ID_TS_NEW_3NN91B2N,0,0
ID_TS_NEW_0LTO3Z4Z,0,0
ID_TS_NEW_V86PRKW6,0,0
ID_TS_NEW_LKZRCSQA,0,0
ID_TS_NEW_EHKJQ6GN,0,0
ID_TS_NEW_IM7M56QA,0,0
ID_TS_NEW_9F4POYGT,0,0
ID_TS_NEW_J757LPE4,0,0
ID_TS_NEW_A0PJQFN1,0,0
ID_TS_NEW_3NQAGX0G,0,0
ID_TS_NEW_CI2Q0S1T,0,0
ID_TS_NEW_69GQ0B3G,0,0
ID_TS_NEW_E22OVY3B,0,0
ID_TS_NEW_2UU7FAJ7,0,0
ID_TS_NEW_IAH6DRG2,0,0
ID_TS_NEW_D1K1CZQG,0,0
ID_TS_NEW_GOA69JTJ,0,0
ID_TS_NEW_TAZQND4Q,0,0
ID_TS_NEW_O17QIKCH,0,0
ID_TS_NEW_PQ3WKA8R,0,0
ID_TS_NEW_CFBDF436,0,0
ID_TS_NEW_GYRBFGVZ,0,0
ID_TS_NEW_IU6MN2VO,0,0
ID_TS_NEW_QP7BS9JE,0,0
ID_TS_NEW_TENA028H,0,0
ID_TS_NEW_Z0YAT6VV,0,0
ID_TS_NEW_31H10R15,0,0
ID_TS_NEW_63OVN901,0,0
ID_TS_NEW_FWNORAZR,0,0
ID_TS_NEW_I4T0FYO7,0,0
ID_TS_NEW_PADJVEL9,0,0
ID_TS_NEW_Y1XD0NDO,0,0
ID_TS_NEW_BJ1E37GM,0,0
ID_TS_NEW_28N84RMD,0,0
ID_TS_NEW_2TUHK4JZ,0,0
ID_TS_NEW_C4SWC6CI,0,0
ID_TS_NEW_8JPACMZ0,0,0
ID_TS_NEW_YA6ID37J,0,0
ID_TS_NEW_PJK2JM5O,0,0
ID_TS_NEW_0W3A96EN,0,0
ID_TS_NEW_1XLEXD6L,0,0
ID_TS_NEW_VZSJ2ULH,0,0
ID_TS_NEW_3EEFR82X,0,0
ID_TS_NEW_FWM5SFO3,0,0
ID_TS_NEW_RL6MX7V9,0,0
ID_TS_NEW_C7T1QVZB,0,0
ID_TS_NEW_WUI1OUI7,0,0
ID_TS_NEW_MMYKJQ8S,0,0
ID_TS_NEW_461NZIN9,0,0
ID_TS_NEW_6LDM3EK2,0,0
ID_TS_NEW_SVISFCCQ,0,0
ID_TS_NEW_HJV4LX31,0,0
ID_TS_NEW_BJSXG3IM,0,0
ID_TS_NEW_GRYI9G1C,0,0
ID_TS_NEW_15DVCMZZ,0,0
ID_TS_NEW_C7CX28F0,0,0
ID_TS_NEW_AJQJ6B51,0,0
ID_TS_NEW_6P22MWQ6,0,0
ID_TS_NEW_RT36YQ9N,0,0
ID_TS_NEW_7OZBWMW9,0,0
ID_TS_NEW_FRQ38H3M,0,0
ID_TS_NEW_8TGU2OAE,0,0
ID_TS_NEW_SPRIILK7,0,0
ID_TS_NEW_IMZZ7Q8V,0,0
ID_TS_NEW_8WAG4U9S,0,0
ID_TS_NEW_Z9VETR2N,0,0
ID_TS_NEW_XCJRPPVB,0,0
ID_TS_NEW_V42AHOA4,0,0
ID_TS_NEW_OHCAMKEO,0,0
ID_TS_NEW_TPLBTJ5D,0,0
ID_TS_NEW_RAHI9TZ1,0,0
ID_TS_NEW_45CI25AB,0,0
ID_TS_NEW_R3GGH4HK,0,0
ID_TS_NEW_X4Q2NH9A,0,0
ID_TS_NEW_R4ED30RZ,0,0
ID_TS_NEW_DF8P8Y2S,0,0
ID_TS_NEW_B1JCEBZ0,0,0
ID_TS_NEW_YSQKSDYI,0,0
ID_TS_NEW_66NUKEUB,0,0
ID_TS_NEW_963TLJIC,0,0
ID_TS_NEW_D38BA796,0,0
ID_TS_NEW_C00NIPXD,0,0
ID_TS_NEW_9RVB7PRI,0,0
ID_TS_NEW_I1LU5Q2K,0,0
ID_TS_NEW_0JAHMH31,0,0
ID_TS_NEW_GWV3YEXA,0,0
ID_TS_NEW_7KA55JG8,0,0
ID_TS_NEW_YGYKL4KQ,0,0
ID_TS_NEW_MZ9W3F31,0,0
ID_TS_NEW_O3D090K9,0,0
ID_TS_NEW_F0ASU9RB,0,0
ID_TS_NEW_B5HB8CEW,0,0
ID_TS_NEW_LYDF5CSF,0,0
ID_TS_NEW_1HD6HIHG,0,0
ID_TS_NEW_L8ES1CW9,0,0
ID_TS_NEW_94X2H91Y,0,0
ID_TS_NEW_0PUBZVX4,0,0
ID_TS_NEW_MV1T6BUQ,0,0
ID_TS_NEW_HM99C5OH,0,0
ID_TS_NEW_F9EAQ7NH,0,0
ID_TS_NEW_H8HMBK0P,0,0
ID_TS_NEW_UPUUEAMV,0,0
ID_TS_NEW_Y4B68E9O,0,0
ID_TS_NEW_6W0PZT0P,0,0
ID_TS_NEW_VK1XTOP8,0,0
ID_TS_NEW_WRFV0DTV,0,0
ID_TS_NEW_NRWGWHPE,0,0
ID_TS_NEW_D6FHITKM,0,0
ID_TS_NEW_E2LI1BWR,0,0
ID_TS_NEW_ZBB5IR6D,0,0
ID_TS_NEW_C39WCSM2,0,0
ID_TS_NEW_FO2MKW8D,0,0
ID_TS_NEW_6610GQ4K,0,0
ID_TS_NEW_4VWLX7CR,0,0
ID_TS_NEW_HLTFMUB7,0,0
ID_TS_NEW_NK8YMUPS,0,0
ID_TS_NEW_XYWG3V75,0,0
ID_TS_NEW_73369R7N,0,0
ID_TS_NEW_KEGBLY3M,0,0
ID_TS_NEW_LUUBPK4S,0,0
ID_TS_NEW_DMGI7V2M,0,0
ID_TS_NEW_H4PC0W2X,0,0
ID_TS_NEW_K54YACSR,0,0
ID_TS_NEW_B4WPDCRR,0,0
ID_TS_NEW_KS00BCG6,0,0
ID_TS_NEW_43ER9V9O,0,0
ID_TS_NEW_F7PS2CVN,0,0
ID_TS_NEW_11OSM6VP,0,0
ID_TS_NEW_HZNASSZG,0,0
ID_TS_NEW_CT8291Q0,0,0
ID_TS_NEW_8AALHLKW,0,0
ID_TS_NEW_56KWODLL,0,0
ID_TS_NEW_WY3KLABY,0,0
ID_TS_NEW_EWZ7LQLQ,0,0
ID_TS_NEW_7E8MVE82,0,0
ID_TS_NEW_3GHR49ZB,0,0
ID_TS_NEW_PKUH43JS,0,0
ID_TS_NEW_OKTJ85M9,0,0
ID_TS_NEW_PX01I8GZ,0,0
ID_TS_NEW_PUD7KAVY,0,0
ID_TS_NEW_DLW8WIPJ,0,0
ID_TS_NEW_TBY1IZA4,0,0
ID_TS_NEW_VPZFVM3E,0,0
ID_TS_NEW_RA6FO033,0,0
ID_TS_NEW_8I5X5NQ7,0,0
ID_TS_NEW_U1YRPFUA,0,0
ID_TS_NEW_UIS4B2MM,0,0
ID_TS_NEW_YYOSC0BB,0,0
ID_TS_NEW_LE375J0J,0,0
ID_TS_NEW_ZYR39WCP,0,0
ID_TS_NEW_S5NHZR8Z,0,0
ID_TS_NEW_K13QU48R,0,0
ID_TS_NEW_URRKRQIT,0,0
ID_TS_NEW_SNWDIVQC,0,0
ID_TS_NEW_PU4TWGVJ,0,0
ID_TS_NEW_DLHNL6WW,0,0
ID_TS_NEW_RFBCIMPB,0,0
ID_TS_NEW_Y580TZYD,0,0
